language,date,value
Java,2001-06-30,26.492
Java,2001-07-30,25.028
Java,2001-08-30,24.66
Java,2001-09-28,24.817
Java,2001-10-26,25.676
Java,2001-11-28,24.369
Java,2001-12-31,24.195
Java,2002-01-30,24.063
Java,2002-02-27,24.005
Java,2002-03-29,24.409
Java,2002-04-29,25.049
Java,2002-05-29,25.195
Java,2002-06-29,24.196
Java,2002-07-31,24.534
Java,2002-08-29,22.886
Java,2002-09-29,24.482
Java,2002-10-30,24.201
Java,2002-11-29,24.116
Java,2002-12-31,24.227
Java,2003-01-31,24.791
Java,2003-02-28,24.775
Java,2003-03-31,24.596
Java,2003-04-30,24.664
Java,2003-05-30,23.108
Java,2003-06-30,22.337
Java,2003-07-31,23.209
Java,2003-08-31,22.242
Java,2003-09-30,21.902
Java,2003-10-31,23.084
Java,2003-11-30,25.008
Java,2003-12-31,23.573
Java,2004-01-31,22.564
Java,2004-02-29,23.173
Java,2004-03-31,24.24
Java,2004-04-30,18.692
Java,2004-05-30,17.539
Java,2004-06-30,17.055
Java,2004-07-31,16.997
Java,2004-08-30,15.896
Java,2004-09-30,17.05
Java,2004-10-31,14.804
Java,2004-11-30,16.332
Java,2004-12-31,17.478
Java,2005-01-31,18.34
Java,2005-02-28,18.871
Java,2005-03-31,16.981
Java,2005-04-30,17.397
Java,2005-05-31,18.569
Java,2005-06-30,19.659
Java,2005-07-31,21.206
Java,2005-08-31,22.442
Java,2005-09-30,21.871
Java,2005-12-03,22.128
Java,2006-01-04,22.255
Java,2006-02-02,22.43
Java,2006-03-01,21.889
Java,2006-04-02,21.275
Java,2006-05-01,21.316
Java,2006-06-01,21.128
Java,2006-07-02,21.853
Java,2006-08-02,22.377
Java,2006-09-02,21.532
Java,2006-10-01,21.172
Java,2006-11-02,20.4
Java,2006-12-01,19.907
Java,2007-01-02,19.16
Java,2007-02-03,18.978
Java,2007-03-03,18.044
Java,2007-04-01,18.36
Java,2007-05-05,19.14
Java,2007-06-02,20.025
Java,2007-07-02,21.014
Java,2007-08-05,21.768
Java,2007-09-02,21.701
Java,2007-10-04,21.616
Java,2007-11-04,20.542
Java,2007-12-03,20.049
Java,2008-01-03,20.849
Java,2008-02-07,21.483
Java,2008-06-01,20.89
Java,2008-07-02,21.345
Java,2008-08-03,21.571
Java,2008-09-03,20.715
Java,2008-10-06,20.949
Java,2008-11-02,20.299
Java,2008-12-03,17.917
Java,2009-01-02,19.022
Java,2009-02-01,19.401
Java,2009-03-05,19.797
Java,2009-04-07,19.341
Java,2009-05-01,19.537
Java,2009-06-04,20.147
Java,2009-07-02,20.452
Java,2009-08-01,19.527
Java,2009-09-05,19.383
Java,2009-10-02,18.65
Java,2009-11-02,18.373
Java,2009-12-02,17.061
Java,2010-01-05,17.482
Java,2010-02-07,17.348
Java,2010-03-07,17.509
Java,2010-04-05,18.051
Java,2010-05-15,17.957
Java,2010-07-06,18.673
Java,2010-07-30,17.994
Java,2010-09-11,17.915
Java,2010-10-02,18.166
Java,2010-11-03,18.509
Java,2010-12-07,17.999
Java,2011-01-02,17.773
Java,2011-02-08,18.482
Java,2011-03-08,19.711
Java,2011-04-03,19.043
Java,2011-05-02,18.16
Java,2011-06-05,18.58
Java,2011-06-27,18.58
Java,2011-07-08,19.251
Java,2011-08-03,19.409
Java,2011-09-10,18.761
Java,2011-10-09,17.913
Java,2011-11-07,17.874
Java,2011-12-04,17.561
Java,2012-01-08,17.468
Java,2012-02-05,17.05
Java,2012-03-11,17.11
Java,2012-04-08,17.026
Java,2012-05-09,16.599
Java,2012-06-10,16.265
Java,2012-07-04,16.087
Java,2012-08-10,16.352
Java,2012-09-02,16.267
Java,2012-10-05,17.193
Java,2012-11-04,17.455
Java,2012-12-02,17.567
Java,2013-01-05,17.417
Java,2013-02-08,18.387
Java,2013-03-11,18.156
Java,2013-04-07,17.681
Java,2013-05-08,16.914
Java,2013-06-09,16.656
Java,2013-07-07,15.906
Java,2013-07-12,15.906
Java,2013-08-04,15.978
Java,2013-09-11,16.154
Java,2013-10-10,16.107
Java,2013-11-09,16.521
Java,2013-12-06,17.311
Java,2014-01-01,16.523
Java,2014-02-08,17.316
Java,2014-03-03,16.406
Java,2014-04-10,17.348
Java,2014-05-07,16.907
Java,2014-06-08,16.113
Java,2014-07-06,15.688
Java,2014-08-11,14.984
Java,2014-09-01,14.14
Java,2014-10-03,13.506
Java,2014-11-08,14.391
Java,2014-12-07,14.959
Java,2015-01-06,15.528
Java,2015-02-05,15.345
Java,2015-03-07,15.58
Java,2015-04-13,16.041
Java,2015-05-13,16.869
Java,2015-06-06,17.822
Java,2015-07-12,17.728
Java,2015-08-06,19.274
Java,2015-09-05,19.565
Java,2015-10-04,19.543
Java,2015-11-07,20.403
Java,2015-12-04,20.973
Java,2016-01-02,21.465
Java,2016-02-02,21.145
Java,2016-03-03,20.528
Java,2016-04-07,20.846
Java,2016-05-06,20.956
Java,2016-06-05,20.794
Java,2016-07-04,19.804
Java,2016-08-06,19.01
Java,2016-09-08,18.236
Java,2016-10-07,18.799
Java,2016-11-05,18.755
Java,2016-12-04,17.856
Java,2017-01-07,17.278
Java,2017-02-08,16.676
Java,2017-03-07,16.384
Java,2017-04-09,15.568
Java,2017-05-06,14.639
Java,2017-06-03,14.493
Java,2017-07-07,13.774
Java,2017-08-02,12.961
Java,2017-09-06,12.687
Java,2017-10-05,12.431
Java,2017-11-12,13.231
Java,2017-12-09,13.268
Java,2018-01-03,14.215
Java,2018-02-08,14.988
Java,2018-03-07,14.941
Java,2018-04-01,15.777
Java,2018-05-06,16.38
Java,2018-06-10,15.368
Java,2018-07-07,16.139
Java,2018-08-01,16.881
Java,2018-09-03,17.436
Java,2018-10-05,17.801
Java,2018-11-08,16.746
Java,2018-12-02,15.932
Java,2019-01-04,16.904
Java,2019-02-06,15.876
Java,2019-03-02,14.88
Java,2019-04-07,15.035
Java,2019-05-04,16.005
Java,2019-06-09,15.004
Java,2019-07-06,15.058
Java,2019-08-05,16.028
Java,2019-09-09,16.661
Java,2019-10-05,16.884
Java,2019-11-03,16.246
C,2001-06-30,20.24
C,2001-07-30,20.773
C,2001-08-30,20.747
C,2001-09-28,20.772
C,2001-10-26,19.751
C,2001-11-28,19.212
C,2001-12-31,20.136
C,2002-01-30,18.825
C,2002-02-27,19.888
C,2002-03-29,19.852
C,2002-04-29,19.82
C,2002-05-29,19.987
C,2002-06-29,19.573
C,2002-07-31,19.251
C,2002-08-29,18.162
C,2002-09-29,18.695
C,2002-10-30,18.727
C,2002-11-29,17.505
C,2002-12-31,17.259
C,2003-01-31,18.249
C,2003-02-28,18.54
C,2003-03-31,17.213
C,2003-04-30,18.017
C,2003-05-30,18.501
C,2003-06-30,18.516
C,2003-07-31,17.969
C,2003-08-31,17.776
C,2003-09-30,18.309
C,2003-10-31,17.002
C,2003-11-30,18.473
C,2003-12-31,18.6
C,2004-01-31,18.195
C,2004-02-29,18.928
C,2004-03-31,17.75
C,2004-04-30,17.951
C,2004-05-30,18.29
C,2004-06-30,17.144
C,2004-07-31,16.335
C,2004-08-30,17.122
C,2004-09-30,18.172
C,2004-10-31,17.992
C,2004-11-30,19.696
C,2004-12-31,20.709
C,2005-01-31,19.82
C,2005-02-28,19.465
C,2005-03-31,18.63
C,2005-04-30,18.522
C,2005-05-31,19.368
C,2005-06-30,19.846
C,2005-07-31,19.473
C,2005-08-31,19.16
C,2005-09-30,18.773
C,2005-12-03,19.632
C,2006-01-04,19.008
C,2006-02-02,18.33
C,2006-03-01,17.794
C,2006-04-02,17.688
C,2006-05-01,17.69
C,2006-06-01,18.253
C,2006-07-02,17.829
C,2006-08-02,17.43
C,2006-09-02,18.059
C,2006-10-01,17.664
C,2006-11-02,17.198
C,2006-12-01,16.616
C,2007-01-02,15.807
C,2007-02-03,16.104
C,2007-03-03,15.633
C,2007-04-01,14.937
C,2007-05-05,15.152
C,2007-06-02,15.967
C,2007-07-02,16.363
C,2007-08-05,15.699
C,2007-09-02,14.908
C,2007-10-04,14.591
C,2007-11-04,13.969
C,2007-12-03,13.173
C,2008-01-03,13.916
C,2008-02-07,14.859
C,2008-06-01,15.513
C,2008-07-02,15.945
C,2008-08-03,16.178
C,2008-09-03,15.379
C,2008-10-06,15.565
C,2008-11-02,15.276
C,2008-12-03,15.017
C,2009-01-02,15.931
C,2009-02-01,15.837
C,2009-03-05,15.862
C,2009-04-07,15.472
C,2009-05-01,16.128
C,2009-06-04,16.779
C,2009-07-02,17.319
C,2009-08-01,17.22
C,2009-09-05,16.861
C,2009-10-02,16.843
C,2009-11-02,17.315
C,2009-12-02,16.285
C,2010-01-05,16.215
C,2010-02-07,16.602
C,2010-03-07,17.279
C,2010-04-05,18.058
C,2010-05-15,18.186
C,2010-07-06,18.48
C,2010-07-30,17.866
C,2010-09-11,17.147
C,2010-10-02,17.177
C,2010-11-03,16.717
C,2010-12-07,16.076
C,2011-01-02,15.822
C,2011-02-08,14.986
C,2011-03-08,15.262
C,2011-04-03,16.162
C,2011-05-02,16.17
C,2011-06-05,16.278
C,2011-06-27,16.278
C,2011-07-08,17.28
C,2011-08-03,17.39
C,2011-09-10,18.002
C,2011-10-09,17.707
C,2011-11-07,17.322
C,2011-12-04,17.057
C,2012-01-08,16.967
C,2012-02-05,16.523
C,2012-03-11,17.087
C,2012-04-08,17.555
C,2012-05-09,17.346
C,2012-06-10,17.725
C,2012-07-04,18.331
C,2012-08-10,18.937
C,2012-09-02,19.295
C,2012-10-05,19.822
C,2012-11-04,19.224
C,2012-12-02,18.696
C,2013-01-05,17.855
C,2013-02-08,17.08
C,2013-03-11,17.141
C,2013-04-07,17.862
C,2013-05-08,18.729
C,2013-06-09,17.809
C,2013-07-07,17.628
C,2013-07-12,17.628
C,2013-08-04,15.974
C,2013-09-11,16.975
C,2013-10-10,17.246
C,2013-11-09,18.155
C,2013-12-06,17.89
C,2014-01-01,17.944
C,2014-02-08,18.334
C,2014-03-03,17.535
C,2014-04-10,17.631
C,2014-05-07,16.926
C,2014-06-08,16.191
C,2014-07-06,17.145
C,2014-08-11,16.401
C,2014-09-01,16.721
C,2014-10-03,17.655
C,2014-11-08,17.469
C,2014-12-07,17.588
C,2015-01-06,16.703
C,2015-02-05,16.488
C,2015-03-07,16.642
C,2015-04-13,15.745
C,2015-05-13,16.847
C,2015-06-06,16.788
C,2015-07-12,16.147
C,2015-08-06,14.732
C,2015-09-05,15.621
C,2015-10-04,16.19
C,2015-11-07,17.145
C,2015-12-04,16.46
C,2016-01-02,16.036
C,2016-02-02,15.594
C,2016-03-03,14.6
C,2016-04-07,13.905
C,2016-05-06,13.223
C,2016-06-05,12.376
C,2016-07-04,12.238
C,2016-08-06,11.303
C,2016-09-08,10.955
C,2016-10-07,9.835
C,2016-11-05,9.203
C,2016-12-04,8.726
C,2017-01-07,9.349
C,2017-02-08,8.445
C,2017-03-07,7.742
C,2017-04-09,6.966
C,2017-05-06,7.002
C,2017-06-03,6.848
C,2017-07-07,7.321
C,2017-08-02,6.477
C,2017-09-06,7.382
C,2017-10-05,8.374
C,2017-11-12,9.293
C,2017-12-09,10.158
C,2018-01-03,11.037
C,2018-02-08,11.857
C,2018-03-07,12.76
C,2018-04-01,13.589
C,2018-05-06,14.0
C,2018-06-10,14.936
C,2018-07-07,14.662
C,2018-08-01,14.966
C,2018-09-03,15.447
C,2018-10-05,15.376
C,2018-11-08,14.396
C,2018-12-02,14.282
C,2019-01-04,13.337
C,2019-02-06,12.424
C,2019-03-02,13.305
C,2019-04-07,14.076
C,2019-05-04,14.243
C,2019-06-09,13.3
C,2019-07-06,14.211
C,2019-08-05,15.154
C,2019-09-09,15.205
C,2019-10-05,16.18
C,2019-11-03,16.037
Python,2001-06-30,1.25
Python,2001-07-30,1.135
Python,2001-08-30,1.197
Python,2001-09-28,1.17
Python,2001-10-26,1.284
Python,2001-11-28,1.234
Python,2001-12-31,1.043
Python,2002-01-30,1.017
Python,2002-02-27,0.987
Python,2002-03-29,0.989
Python,2002-04-29,1.069
Python,2002-05-29,1.057
Python,2002-06-29,1.125
Python,2002-07-31,1.081
Python,2002-08-29,1.217
Python,2002-09-29,1.081
Python,2002-10-30,1.187
Python,2002-11-29,1.005
Python,2002-12-31,1.002
Python,2003-01-31,1.033
Python,2003-02-28,0.974
Python,2003-03-31,0.988
Python,2003-04-30,1.007
Python,2003-05-30,1.161
Python,2003-06-30,1.285
Python,2003-07-31,1.297
Python,2003-08-31,1.425
Python,2003-09-30,1.486
Python,2003-10-31,1.766
Python,2003-11-30,1.097
Python,2003-12-31,1.125
Python,2004-01-31,1.006
Python,2004-02-29,1.018
Python,2004-03-31,1.008
Python,2004-04-30,4.565
Python,2004-05-30,6.579
Python,2004-06-30,4.963
Python,2004-07-31,4.704
Python,2004-08-30,5.597
Python,2004-09-30,4.438
Python,2004-10-31,5.2
Python,2004-11-30,3.029
Python,2004-12-31,2.842
Python,2005-01-31,2.506
Python,2005-02-28,2.424
Python,2005-03-31,2.697
Python,2005-04-30,2.48
Python,2005-05-31,2.802
Python,2005-06-30,2.525
Python,2005-07-31,2.883
Python,2005-08-31,3.032
Python,2005-09-30,2.882
Python,2005-12-03,2.678
Python,2006-01-04,2.605
Python,2006-02-02,2.669
Python,2006-03-01,3.093
Python,2006-04-02,2.759
Python,2006-05-01,3.042
Python,2006-06-01,3.464
Python,2006-07-02,3.017
Python,2006-08-02,3.071
Python,2006-09-02,3.144
Python,2006-10-01,3.466
Python,2006-11-02,3.641
Python,2006-12-01,3.762
Python,2007-01-02,3.502
Python,2007-02-03,3.566
Python,2007-03-03,3.897
Python,2007-04-01,3.814
Python,2007-05-05,3.779
Python,2007-06-02,3.161
Python,2007-07-02,3.024
Python,2007-08-05,2.749
Python,2007-09-02,3.025
Python,2007-10-04,3.433
Python,2007-11-04,4.227
Python,2007-12-03,4.697
Python,2008-01-03,5.538
Python,2008-02-07,4.763
Python,2008-06-01,4.899
Python,2008-07-02,4.973
Python,2008-08-03,4.975
Python,2008-09-03,5.012
Python,2008-10-06,4.565
Python,2008-11-02,5.14
Python,2008-12-03,4.169
Python,2009-01-02,4.731
Python,2009-02-01,4.567
Python,2009-03-05,5.185
Python,2009-04-07,6.08
Python,2009-05-01,5.548
Python,2009-06-04,4.756
Python,2009-07-02,4.435
Python,2009-08-01,4.489
Python,2009-09-05,3.93
Python,2009-10-02,3.901
Python,2009-11-02,4.672
Python,2009-12-02,5.185
Python,2010-01-05,4.453
Python,2010-02-07,4.314
Python,2010-03-07,4.23
Python,2010-04-05,4.205
Python,2010-05-15,4.097
Python,2010-07-06,4.217
Python,2010-07-30,4.223
Python,2010-09-11,4.583
Python,2010-10-02,4.86
Python,2010-11-03,5.679
Python,2010-12-07,6.482
Python,2011-01-02,6.265
Python,2011-02-08,7.038
Python,2011-03-08,5.737
Python,2011-04-03,4.931
Python,2011-05-02,4.583
Python,2011-06-05,3.899
Python,2011-06-27,3.899
Python,2011-07-08,3.583
Python,2011-08-03,3.415
Python,2011-09-10,4.0
Python,2011-10-09,3.944
Python,2011-11-07,3.617
Python,2011-12-04,3.492
Python,2012-01-08,3.213
Python,2012-02-05,3.148
Python,2012-03-11,3.291
Python,2012-04-08,3.665
Python,2012-05-09,3.819
Python,2012-06-10,3.848
Python,2012-07-04,4.0
Python,2012-08-10,3.876
Python,2012-09-02,3.861
Python,2012-10-05,3.895
Python,2012-11-04,4.062
Python,2012-12-02,3.848
Python,2013-01-05,4.173
Python,2013-02-08,4.949
Python,2013-03-11,4.388
Python,2013-04-07,4.442
Python,2013-05-08,4.322
Python,2013-06-09,4.183
Python,2013-07-07,4.035
Python,2013-07-12,4.035
Python,2013-08-04,3.603
Python,2013-09-11,3.169
Python,2013-10-10,3.107
Python,2013-11-09,3.11
Python,2013-12-06,2.21
Python,2014-01-01,2.373
Python,2014-02-08,2.157
Python,2014-03-03,2.021
Python,2014-04-10,1.993
Python,2014-05-07,3.057
Python,2014-06-08,2.71
Python,2014-07-06,2.656
Python,2014-08-11,3.121
Python,2014-09-01,2.782
Python,2014-10-03,2.333
Python,2014-11-08,2.589
Python,2014-12-07,2.287
Python,2015-01-06,2.613
Python,2015-02-05,2.882
Python,2015-03-07,2.614
Python,2015-04-13,2.69
Python,2015-05-13,3.725
Python,2015-06-06,3.999
Python,2015-07-12,4.257
Python,2015-08-06,4.066
Python,2015-09-05,3.664
Python,2015-10-04,4.512
Python,2015-11-07,3.771
Python,2015-12-04,4.429
Python,2016-01-02,3.854
Python,2016-02-02,4.18
Python,2016-03-03,4.257
Python,2016-04-07,3.33
Python,2016-05-06,3.789
Python,2016-06-05,3.9
Python,2016-07-04,4.166
Python,2016-08-06,4.404
Python,2016-09-08,4.302
Python,2016-10-07,3.775
Python,2016-11-05,3.567
Python,2016-12-04,4.239
Python,2017-01-07,3.465
Python,2017-02-08,4.043
Python,2017-03-07,3.919
Python,2017-04-09,3.457
Python,2017-05-06,3.548
Python,2017-06-03,4.333
Python,2017-07-07,3.543
Python,2017-08-02,3.692
Python,2017-09-06,2.983
Python,2017-10-05,3.803
Python,2017-11-12,4.482
Python,2017-12-09,3.777
Python,2018-01-03,4.678
Python,2018-02-08,5.168
Python,2018-03-07,5.869
Python,2018-04-01,5.803
Python,2018-05-06,5.192
Python,2018-06-10,5.761
Python,2018-07-07,6.361
Python,2018-08-01,6.992
Python,2018-09-03,7.653
Python,2018-10-05,7.156
Python,2018-11-08,7.683
Python,2018-12-02,8.376
Python,2019-01-04,8.294
Python,2019-02-06,7.574
Python,2019-03-02,8.262
Python,2019-04-07,8.166
Python,2019-05-04,7.83
Python,2019-06-09,8.53
Python,2019-07-06,9.26
Python,2019-08-05,10.02
Python,2019-09-09,9.874
Python,2019-10-05,9.089
Python,2019-11-03,9.842
C++,2001-06-30,14.2
C++,2001-07-30,16.111
C++,2001-08-30,16.124
C++,2001-09-28,15.852
C++,2001-10-26,16.097
C++,2001-11-28,15.673
C++,2001-12-31,14.963
C++,2002-01-30,15.182
C++,2002-02-27,15.537
C++,2002-03-29,15.912
C++,2002-04-29,15.372
C++,2002-05-29,14.857
C++,2002-06-29,14.179
C++,2002-07-31,14.939
C++,2002-08-29,14.769
C++,2002-09-29,15.897
C++,2002-10-30,15.035
C++,2002-11-29,13.644
C++,2002-12-31,13.186
C++,2003-01-31,14.634
C++,2003-02-28,15.533
C++,2003-03-31,14.572
C++,2003-04-30,15.801
C++,2003-05-30,15.584
C++,2003-06-30,16.719
C++,2003-07-31,16.577
C++,2003-08-31,17.531
C++,2003-09-30,16.173
C++,2003-10-31,16.312
C++,2003-11-30,17.422
C++,2003-12-31,16.083
C++,2004-01-31,15.71
C++,2004-02-29,14.5
C++,2004-03-31,15.99
C++,2004-04-30,12.27
C++,2004-05-30,12.548
C++,2004-06-30,13.442
C++,2004-07-31,15.306
C++,2004-08-30,14.916
C++,2004-09-30,15.016
C++,2004-10-31,13.865
C++,2004-11-30,11.914
C++,2004-12-31,11.927
C++,2005-01-31,11.337
C++,2005-02-28,11.632
C++,2005-03-31,10.191
C++,2005-04-30,9.903
C++,2005-05-31,9.722
C++,2005-06-30,11.06
C++,2005-07-31,10.514
C++,2005-08-31,11.168
C++,2005-09-30,11.82
C++,2005-12-03,11.027
C++,2006-01-04,11.465
C++,2006-02-02,11.295
C++,2006-03-01,11.159
C++,2006-04-02,10.9
C++,2006-05-01,10.935
C++,2006-06-01,10.67
C++,2006-07-02,9.779
C++,2006-08-02,10.254
C++,2006-09-02,10.753
C++,2006-10-01,11.063
C++,2006-11-02,11.055
C++,2006-12-01,10.409
C++,2007-01-02,10.425
C++,2007-02-03,10.768
C++,2007-03-03,11.109
C++,2007-04-01,10.718
C++,2007-05-05,10.114
C++,2007-06-02,11.118
C++,2007-07-02,10.502
C++,2007-08-05,10.111
C++,2007-09-02,9.938
C++,2007-10-04,9.584
C++,2007-11-04,8.75
C++,2007-12-03,7.871
C++,2008-01-03,8.73
C++,2008-02-07,9.274
C++,2008-06-01,10.806
C++,2008-07-02,10.693
C++,2008-08-03,10.057
C++,2008-09-03,10.716
C++,2008-10-06,10.954
C++,2008-11-02,10.357
C++,2008-12-03,10.096
C++,2009-01-02,10.116
C++,2009-02-01,9.633
C++,2009-03-05,10.357
C++,2009-04-07,10.741
C++,2009-05-01,11.068
C++,2009-06-04,10.594
C++,2009-07-02,10.419
C++,2009-08-01,10.501
C++,2009-09-05,9.988
C++,2009-10-02,9.879
C++,2009-11-02,10.002
C++,2009-12-02,9.175
C++,2010-01-05,9.709
C++,2010-02-07,9.447
C++,2010-03-07,9.61
C++,2010-04-05,9.707
C++,2010-05-15,10.378
C++,2010-07-06,10.469
C++,2010-07-30,9.658
C++,2010-09-11,9.812
C++,2010-10-02,9.802
C++,2010-11-03,9.497
C++,2010-12-07,9.014
C++,2011-01-02,8.783
C++,2011-02-08,8.187
C++,2011-03-08,8.754
C++,2011-04-03,9.225
C++,2011-05-02,9.146
C++,2011-06-05,9.83
C++,2011-06-27,9.83
C++,2011-07-08,9.017
C++,2011-08-03,8.433
C++,2011-09-10,8.849
C++,2011-10-09,9.072
C++,2011-11-07,8.084
C++,2011-12-04,8.252
C++,2012-01-08,8.052
C++,2012-02-05,7.853
C++,2012-03-11,8.047
C++,2012-04-08,8.896
C++,2012-05-09,9.825
C++,2012-06-10,9.358
C++,2012-07-04,9.118
C++,2012-08-10,9.333
C++,2012-09-02,9.147
C++,2012-10-05,9.26
C++,2012-11-04,9.698
C++,2012-12-02,9.203
C++,2013-01-05,9.14
C++,2013-02-08,8.758
C++,2013-03-11,9.115
C++,2013-04-07,9.714
C++,2013-05-08,9.198
C++,2013-06-09,8.819
C++,2013-07-07,8.749
C++,2013-07-12,8.749
C++,2013-08-04,9.371
C++,2013-09-11,8.664
C++,2013-10-10,8.664
C++,2013-11-09,8.369
C++,2013-12-06,8.268
C++,2014-01-01,7.562
C++,2014-02-08,6.892
C++,2014-03-03,6.313
C++,2014-04-10,6.137
C++,2014-05-07,5.986
C++,2014-06-08,6.425
C++,2014-07-06,5.52
C++,2014-08-11,4.695
C++,2014-09-01,4.674
C++,2014-10-03,4.868
C++,2014-11-08,6.098
C++,2014-12-07,6.104
C++,2015-01-06,6.705
C++,2015-02-05,6.612
C++,2015-03-07,6.636
C++,2015-04-13,6.962
C++,2015-05-13,7.875
C++,2015-06-06,7.756
C++,2015-07-12,8.641
C++,2015-08-06,7.735
C++,2015-09-05,6.782
C++,2015-10-04,5.749
C++,2015-11-07,6.198
C++,2015-12-04,5.943
C++,2016-01-02,6.914
C++,2016-02-02,6.907
C++,2016-03-03,6.721
C++,2016-04-07,5.918
C++,2016-05-06,6.698
C++,2016-06-05,6.199
C++,2016-07-04,6.311
C++,2016-08-06,5.8
C++,2016-09-08,6.657
C++,2016-10-07,5.797
C++,2016-11-05,5.415
C++,2016-12-04,5.335
C++,2017-01-07,6.301
C++,2017-02-08,5.429
C++,2017-03-07,5.184
C++,2017-04-09,4.554
C++,2017-05-06,4.751
C++,2017-06-03,5.723
C++,2017-07-07,5.576
C++,2017-08-02,5.55
C++,2017-09-06,5.565
C++,2017-10-05,5.007
C++,2017-11-12,5.343
C++,2017-12-09,4.717
C++,2018-01-03,5.603
C++,2018-02-08,5.726
C++,2018-03-07,6.452
C++,2018-04-01,7.218
C++,2018-05-06,7.668
C++,2018-06-10,8.337
C++,2018-07-07,7.615
C++,2018-08-01,7.471
C++,2018-09-03,7.394
C++,2018-10-05,7.593
C++,2018-11-08,8.282
C++,2018-12-02,7.562
C++,2019-01-04,8.158
C++,2019-02-06,7.444
C++,2019-03-02,8.126
C++,2019-04-07,8.838
C++,2019-05-04,8.095
C++,2019-06-09,7.384
C++,2019-07-06,6.705
C++,2019-08-05,6.057
C++,2019-09-09,5.635
C++,2019-10-05,6.229
C++,2019-11-03,5.605
C#,2001-06-30,0.385
C#,2001-07-30,0.429
C#,2001-08-30,0.384
C#,2001-09-28,0.391
C#,2001-10-26,0.424
C#,2001-11-28,0.764
C#,2001-12-31,0.591
C#,2002-01-30,0.616
C#,2002-02-27,0.744
C#,2002-03-29,0.741
C#,2002-04-29,1.178
C#,2002-05-29,1.164
C#,2002-06-29,1.464
C#,2002-07-31,1.36
C#,2002-08-29,1.464
C#,2002-09-29,1.653
C#,2002-10-30,1.78
C#,2002-11-29,2.38
C#,2002-12-31,2.455
C#,2003-01-31,1.986
C#,2003-02-28,1.976
C#,2003-03-31,2.377
C#,2003-04-30,1.884
C#,2003-05-30,1.935
C#,2003-06-30,1.776
C#,2003-07-31,2.001
C#,2003-08-31,2.062
C#,2003-09-30,1.94
C#,2003-10-31,1.899
C#,2003-11-30,1.705
C#,2003-12-31,1.799
C#,2004-01-31,2.177
C#,2004-02-29,2.237
C#,2004-03-31,2.137
C#,2004-04-30,1.877
C#,2004-05-30,1.649
C#,2004-06-30,1.666
C#,2004-07-31,1.633
C#,2004-08-30,1.634
C#,2004-09-30,1.644
C#,2004-10-31,1.504
C#,2004-11-30,1.947
C#,2004-12-31,2.203
C#,2005-01-31,2.363
C#,2005-02-28,2.527
C#,2005-03-31,2.82
C#,2005-04-30,2.767
C#,2005-05-31,2.783
C#,2005-06-30,3.142
C#,2005-07-31,3.485
C#,2005-08-31,3.29
C#,2005-09-30,3.462
C#,2005-12-03,3.31
C#,2006-01-04,3.555
C#,2006-02-02,3.972
C#,2006-03-01,3.146
C#,2006-04-02,3.948
C#,2006-05-01,3.271
C#,2006-06-01,3.238
C#,2006-07-02,3.401
C#,2006-08-02,2.683
C#,2006-09-02,2.992
C#,2006-10-01,3.065
C#,2006-11-02,3.023
C#,2006-12-01,3.171
C#,2007-01-02,3.521
C#,2007-02-03,3.189
C#,2007-03-03,3.365
C#,2007-04-01,3.551
C#,2007-05-05,3.656
C#,2007-06-02,3.483
C#,2007-07-02,3.71
C#,2007-08-05,3.987
C#,2007-09-02,3.583
C#,2007-10-04,3.74
C#,2007-11-04,3.917
C#,2007-12-03,3.994
C#,2008-01-03,4.856
C#,2008-02-07,4.51
C#,2008-06-01,4.058
C#,2008-07-02,4.0
C#,2008-08-03,3.697
C#,2008-09-03,4.334
C#,2008-10-06,3.767
C#,2008-11-02,4.026
C#,2008-12-03,4.578
C#,2009-01-02,5.609
C#,2009-02-01,5.062
C#,2009-03-05,4.321
C#,2009-04-07,4.059
C#,2009-05-01,4.266
C#,2009-06-04,4.536
C#,2009-07-02,4.54
C#,2009-08-01,4.443
C#,2009-09-05,4.186
C#,2009-10-02,4.417
C#,2009-11-02,5.346
C#,2009-12-02,6.258
C#,2010-01-05,5.767
C#,2010-02-07,5.015
C#,2010-03-07,4.264
C#,2010-04-05,4.435
C#,2010-05-15,4.779
C#,2010-07-06,5.73
C#,2010-07-30,4.986
C#,2010-09-11,5.016
C#,2010-10-02,4.963
C#,2010-11-03,5.706
C#,2010-12-07,6.687
C#,2011-01-02,6.226
C#,2011-02-08,6.809
C#,2011-03-08,7.21
C#,2011-04-03,7.185
C#,2011-05-02,7.539
C#,2011-06-05,6.844
C#,2011-06-27,6.844
C#,2011-07-08,6.221
C#,2011-08-03,6.042
C#,2011-09-10,6.819
C#,2011-10-09,6.723
C#,2011-11-07,7.319
C#,2011-12-04,8.205
C#,2012-01-08,8.763
C#,2012-02-05,8.653
C#,2012-03-11,8.244
C#,2012-04-08,7.348
C#,2012-05-09,6.823
C#,2012-06-10,7.026
C#,2012-07-04,6.668
C#,2012-08-10,6.59
C#,2012-09-02,6.596
C#,2012-10-05,6.53
C#,2012-11-04,5.591
C#,2012-12-02,5.547
C#,2013-01-05,6.196
C#,2013-02-08,6.68
C#,2013-03-11,6.597
C#,2013-04-07,6.15
C#,2013-05-08,6.119
C#,2013-06-09,5.783
C#,2013-07-07,6.212
C#,2013-07-12,6.212
C#,2013-08-04,6.117
C#,2013-09-11,5.564
C#,2013-10-10,5.718
C#,2013-11-09,6.024
C#,2013-12-06,5.62
C#,2014-01-01,5.85
C#,2014-02-08,6.45
C#,2014-03-03,5.572
C#,2014-04-10,4.82
C#,2014-05-07,3.745
C#,2014-06-08,3.944
C#,2014-07-06,4.051
C#,2014-08-11,3.409
C#,2014-09-01,4.352
C#,2014-10-03,4.748
C#,2014-11-08,4.985
C#,2014-12-07,4.328
C#,2015-01-06,5.045
C#,2015-02-05,5.738
C#,2015-03-07,4.923
C#,2015-04-13,4.947
C#,2015-05-13,5.264
C#,2015-06-06,5.056
C#,2015-07-12,5.652
C#,2015-08-06,4.837
C#,2015-09-05,4.909
C#,2015-10-04,4.825
C#,2015-11-07,4.318
C#,2015-12-04,4.114
C#,2016-01-02,4.707
C#,2016-02-02,4.4
C#,2016-03-03,4.271
C#,2016-04-07,3.796
C#,2016-05-06,4.481
C#,2016-06-05,3.786
C#,2016-07-04,3.92
C#,2016-08-06,4.907
C#,2016-09-08,5.493
C#,2016-10-07,4.367
C#,2016-11-05,3.659
C#,2016-12-04,3.171
C#,2017-01-07,4.039
C#,2017-02-08,4.902
C#,2017-03-07,4.409
C#,2017-04-09,3.579
C#,2017-05-06,3.457
C#,2017-06-03,3.53
C#,2017-07-07,3.518
C#,2017-08-02,4.195
C#,2017-09-06,4.779
C#,2017-10-05,3.858
C#,2017-11-12,3.012
C#,2017-12-09,2.822
C#,2018-01-03,3.754
C#,2018-02-08,4.453
C#,2018-03-07,5.067
C#,2018-04-01,5.265
C#,2018-05-06,4.402
C#,2018-06-10,4.314
C#,2018-07-07,3.795
C#,2018-08-01,3.541
C#,2018-09-03,3.295
C#,2018-10-05,3.485
C#,2018-11-08,3.952
C#,2018-12-02,3.455
C#,2019-01-04,3.284
C#,2019-02-06,2.846
C#,2019-03-02,3.267
C#,2019-04-07,3.515
C#,2019-05-04,3.984
C#,2019-06-09,4.483
C#,2019-07-06,4.365
C#,2019-08-05,3.842
C#,2019-09-09,3.399
C#,2019-10-05,3.86
C#,2019-11-03,4.316
Visual Basic .NET,2010-09-11,0.328
Visual Basic .NET,2010-10-02,0.325
Visual Basic .NET,2010-11-03,0.323
Visual Basic .NET,2010-12-07,0.259
Visual Basic .NET,2011-01-02,0.263
Visual Basic .NET,2011-02-08,0.588
Visual Basic .NET,2011-03-08,0.563
Visual Basic .NET,2011-04-03,0.342
Visual Basic .NET,2011-05-02,0.479
Visual Basic .NET,2011-06-05,0.434
Visual Basic .NET,2011-06-27,0.434
Visual Basic .NET,2011-07-08,0.484
Visual Basic .NET,2011-08-03,0.464
Visual Basic .NET,2011-09-10,0.309
Visual Basic .NET,2011-10-09,0.481
Visual Basic .NET,2011-11-07,0.533
Visual Basic .NET,2011-12-04,0.364
Visual Basic .NET,2012-01-08,0.479
Visual Basic .NET,2012-02-05,0.796
Visual Basic .NET,2012-03-11,0.784
Visual Basic .NET,2012-04-08,0.978
Visual Basic .NET,2012-05-09,1.274
Visual Basic .NET,2012-06-10,1.216
Visual Basic .NET,2012-07-04,0.917
Visual Basic .NET,2012-08-10,0.877
Visual Basic .NET,2012-09-02,0.84
Visual Basic .NET,2012-10-05,0.599
Visual Basic .NET,2012-11-04,0.769
Visual Basic .NET,2012-12-02,0.889
Visual Basic .NET,2013-01-05,1.043
Visual Basic .NET,2013-02-08,1.007
Visual Basic .NET,2013-03-11,0.888
Visual Basic .NET,2013-04-07,1.095
Visual Basic .NET,2013-05-08,1.131
Visual Basic .NET,2013-06-09,1.067
Visual Basic .NET,2013-07-07,1.254
Visual Basic .NET,2013-07-12,1.254
Visual Basic .NET,2013-08-04,1.32
Visual Basic .NET,2013-09-11,1.844
Visual Basic .NET,2013-10-10,1.933
Visual Basic .NET,2013-11-09,1.969
Visual Basic .NET,2013-12-06,1.688
Visual Basic .NET,2014-01-01,1.557
Visual Basic .NET,2014-02-08,1.798
Visual Basic .NET,2014-03-03,1.862
Visual Basic .NET,2014-04-10,1.748
Visual Basic .NET,2014-05-07,1.264
Visual Basic .NET,2014-06-08,1.914
Visual Basic .NET,2014-07-06,1.495
Visual Basic .NET,2014-08-11,1.31
Visual Basic .NET,2014-09-01,1.532
Visual Basic .NET,2014-10-03,1.751
Visual Basic .NET,2014-11-08,2.061
Visual Basic .NET,2014-12-07,2.235
Visual Basic .NET,2015-01-06,1.074
Visual Basic .NET,2015-02-05,2.026
Visual Basic .NET,2015-03-07,2.326
Visual Basic .NET,2015-04-13,2.126
Visual Basic .NET,2015-05-13,2.968
Visual Basic .NET,2015-06-06,3.168
Visual Basic .NET,2015-07-12,2.423
Visual Basic .NET,2015-08-06,2.708
Visual Basic .NET,2015-09-05,2.062
Visual Basic .NET,2015-10-04,2.462
Visual Basic .NET,2015-11-07,2.223
Visual Basic .NET,2015-12-04,2.39
Visual Basic .NET,2016-01-02,2.582
Visual Basic .NET,2016-02-02,2.454
Visual Basic .NET,2016-03-03,2.561
Visual Basic .NET,2016-04-07,2.273
Visual Basic .NET,2016-05-06,2.325
Visual Basic .NET,2016-06-05,2.353
Visual Basic .NET,2016-07-04,2.517
Visual Basic .NET,2016-08-06,2.518
Visual Basic .NET,2016-09-08,2.343
Visual Basic .NET,2016-10-07,2.66
Visual Basic .NET,2016-11-05,3.167
Visual Basic .NET,2016-12-04,3.302
Visual Basic .NET,2017-01-07,2.96
Visual Basic .NET,2017-02-08,2.824
Visual Basic .NET,2017-03-07,3.174
Visual Basic .NET,2017-04-09,3.251
Visual Basic .NET,2017-05-06,3.391
Visual Basic .NET,2017-06-03,3.111
Visual Basic .NET,2017-07-07,3.05
Visual Basic .NET,2017-08-02,2.569
Visual Basic .NET,2017-09-06,1.982
Visual Basic .NET,2017-10-05,2.735
Visual Basic .NET,2017-11-12,2.909
Visual Basic .NET,2017-12-09,2.471
Visual Basic .NET,2018-01-03,3.261
Visual Basic .NET,2018-02-08,4.072
Visual Basic .NET,2018-03-07,4.085
Visual Basic .NET,2018-04-01,4.947
Visual Basic .NET,2018-05-06,4.124
Visual Basic .NET,2018-06-10,3.762
Visual Basic .NET,2018-07-07,4.247
Visual Basic .NET,2018-08-01,4.762
Visual Basic .NET,2018-09-03,5.308
Visual Basic .NET,2018-10-05,5.884
Visual Basic .NET,2018-11-08,6.49
Visual Basic .NET,2018-12-02,7.127
Visual Basic .NET,2019-01-04,6.459
Visual Basic .NET,2019-02-06,7.095
Visual Basic .NET,2019-03-02,6.429
Visual Basic .NET,2019-04-07,5.795
Visual Basic .NET,2019-05-04,5.193
Visual Basic .NET,2019-06-09,4.624
Visual Basic .NET,2019-07-06,4.208
Visual Basic .NET,2019-08-05,3.695
Visual Basic .NET,2019-09-09,3.291
Visual Basic .NET,2019-10-05,3.745
Visual Basic .NET,2019-11-03,4.229
JavaScript,2001-06-30,1.547
JavaScript,2001-07-30,1.723
JavaScript,2001-08-30,1.66
JavaScript,2001-09-28,1.629
JavaScript,2001-10-26,1.511
JavaScript,2001-11-28,1.466
JavaScript,2001-12-31,1.456
JavaScript,2002-01-30,2.725
JavaScript,2002-02-27,1.476
JavaScript,2002-03-29,1.468
JavaScript,2002-04-29,1.366
JavaScript,2002-05-29,1.363
JavaScript,2002-06-29,1.433
JavaScript,2002-07-31,1.154
JavaScript,2002-08-29,2.022
JavaScript,2002-09-29,1.908
JavaScript,2002-10-30,1.978
JavaScript,2002-11-29,2.486
JavaScript,2002-12-31,2.423
JavaScript,2003-01-31,2.915
JavaScript,2003-02-28,2.806
JavaScript,2003-03-31,2.626
JavaScript,2003-04-30,3.256
JavaScript,2003-05-30,1.715
JavaScript,2003-06-30,1.686
JavaScript,2003-07-31,1.791
JavaScript,2003-08-31,1.897
JavaScript,2003-09-30,1.656
JavaScript,2003-10-31,1.918
JavaScript,2003-11-30,1.738
JavaScript,2003-12-31,1.745
JavaScript,2004-01-31,2.138
JavaScript,2004-02-29,2.063
JavaScript,2004-03-31,1.783
JavaScript,2004-04-30,1.778
JavaScript,2004-05-30,1.45
JavaScript,2004-06-30,1.61
JavaScript,2004-07-31,1.681
JavaScript,2004-08-30,1.51
JavaScript,2004-09-30,1.267
JavaScript,2004-10-31,1.195
JavaScript,2004-11-30,1.595
JavaScript,2004-12-31,1.703
JavaScript,2005-01-31,1.779
JavaScript,2005-02-28,1.65
JavaScript,2005-03-31,1.642
JavaScript,2005-04-30,1.443
JavaScript,2005-05-31,1.387
JavaScript,2005-06-30,1.779
JavaScript,2005-07-31,1.921
JavaScript,2005-08-31,1.768
JavaScript,2005-09-30,2.036
JavaScript,2005-12-03,1.838
JavaScript,2006-01-04,1.538
JavaScript,2006-02-02,1.512
JavaScript,2006-03-01,1.733
JavaScript,2006-04-02,1.567
JavaScript,2006-05-01,2.191
JavaScript,2006-06-01,1.456
JavaScript,2006-07-02,2.108
JavaScript,2006-08-02,2.019
JavaScript,2006-09-02,2.442
JavaScript,2006-10-01,2.202
JavaScript,2006-11-02,2.31
JavaScript,2006-12-01,2.562
JavaScript,2007-01-02,2.845
JavaScript,2007-02-03,2.982
JavaScript,2007-03-03,3.485
JavaScript,2007-04-01,3.137
JavaScript,2007-05-05,3.072
JavaScript,2007-06-02,2.616
JavaScript,2007-07-02,2.515
JavaScript,2007-08-05,2.575
JavaScript,2007-09-02,2.722
JavaScript,2007-10-04,2.685
JavaScript,2007-11-04,2.928
JavaScript,2007-12-03,2.733
JavaScript,2008-01-03,3.203
JavaScript,2008-02-07,2.334
JavaScript,2008-06-01,2.927
JavaScript,2008-07-02,2.757
JavaScript,2008-08-03,2.892
JavaScript,2008-09-03,3.13
JavaScript,2008-10-06,2.67
JavaScript,2008-11-02,2.925
JavaScript,2008-12-03,2.972
JavaScript,2009-01-02,3.36
JavaScript,2009-02-01,3.54
JavaScript,2009-03-05,3.607
JavaScript,2009-04-07,3.678
JavaScript,2009-05-01,3.548
JavaScript,2009-06-04,4.021
JavaScript,2009-07-02,3.513
JavaScript,2009-08-01,2.812
JavaScript,2009-09-05,2.995
JavaScript,2009-10-02,3.025
JavaScript,2009-11-02,2.916
JavaScript,2009-12-02,3.515
JavaScript,2010-01-05,2.707
JavaScript,2010-02-07,2.636
JavaScript,2010-03-07,2.651
JavaScript,2010-04-05,2.469
JavaScript,2010-05-15,2.084
JavaScript,2010-07-06,2.432
JavaScript,2010-07-30,2.401
JavaScript,2010-09-11,1.665
JavaScript,2010-10-02,1.659
JavaScript,2010-11-03,1.664
JavaScript,2010-12-07,1.509
JavaScript,2011-01-02,1.589
JavaScript,2011-02-08,2.558
JavaScript,2011-03-08,1.866
JavaScript,2011-04-03,1.513
JavaScript,2011-05-02,1.394
JavaScript,2011-06-05,1.501
JavaScript,2011-06-27,1.501
JavaScript,2011-07-08,2.242
JavaScript,2011-08-03,1.557
JavaScript,2011-09-10,1.469
JavaScript,2011-10-09,2.191
JavaScript,2011-11-07,2.565
JavaScript,2011-12-04,2.199
JavaScript,2012-01-08,2.316
JavaScript,2012-02-05,2.465
JavaScript,2012-03-11,3.386
JavaScript,2012-04-08,2.879
JavaScript,2012-05-09,2.135
JavaScript,2012-06-10,1.474
JavaScript,2012-07-04,1.454
JavaScript,2012-08-10,1.365
JavaScript,2012-09-02,1.328
JavaScript,2012-10-05,1.261
JavaScript,2012-11-04,1.278
JavaScript,2012-12-02,1.321
JavaScript,2013-01-05,1.976
JavaScript,2013-02-08,1.423
JavaScript,2013-03-11,1.37
JavaScript,2013-04-07,1.509
JavaScript,2013-05-08,1.536
JavaScript,2013-06-09,1.654
JavaScript,2013-07-07,1.844
JavaScript,2013-07-12,1.844
JavaScript,2013-08-04,2.093
JavaScript,2013-09-11,2.015
JavaScript,2013-10-10,2.038
JavaScript,2013-11-09,2.05
JavaScript,2013-12-06,1.852
JavaScript,2014-01-01,1.576
JavaScript,2014-02-08,1.929
JavaScript,2014-03-03,1.899
JavaScript,2014-04-10,1.75
JavaScript,2014-05-07,1.788
JavaScript,2014-06-08,2.0
JavaScript,2014-07-06,1.806
JavaScript,2014-08-11,2.172
JavaScript,2014-09-01,2.448
JavaScript,2014-10-03,1.771
JavaScript,2014-11-08,2.088
JavaScript,2014-12-07,2.433
JavaScript,2015-01-06,3.274
JavaScript,2015-02-05,3.514
JavaScript,2015-03-07,3.629
JavaScript,2015-04-13,3.297
JavaScript,2015-05-13,3.127
JavaScript,2015-06-06,2.295
JavaScript,2015-07-12,2.194
JavaScript,2015-08-06,2.162
JavaScript,2015-09-05,2.342
JavaScript,2015-10-04,2.292
JavaScript,2015-11-07,2.473
JavaScript,2015-12-04,2.363
JavaScript,2016-01-02,2.565
JavaScript,2016-02-02,2.201
JavaScript,2016-03-03,2.333
JavaScript,2016-04-07,2.566
JavaScript,2016-05-06,2.34
JavaScript,2016-06-05,2.583
JavaScript,2016-07-04,2.643
JavaScript,2016-08-06,2.705
JavaScript,2016-09-08,2.929
JavaScript,2016-10-07,2.751
JavaScript,2016-11-05,2.705
JavaScript,2016-12-04,2.862
JavaScript,2017-01-07,2.85
JavaScript,2017-02-08,2.872
JavaScript,2017-03-07,2.667
JavaScript,2017-04-09,2.851
JavaScript,2017-05-06,3.071
JavaScript,2017-06-03,3.025
JavaScript,2017-07-07,2.606
JavaScript,2017-08-02,2.098
JavaScript,2017-09-06,2.017
JavaScript,2017-10-05,3.01
JavaScript,2017-11-12,2.972
JavaScript,2017-12-09,2.474
JavaScript,2018-01-03,3.465
JavaScript,2018-02-08,3.165
JavaScript,2018-03-07,3.916
JavaScript,2018-04-01,3.492
JavaScript,2018-05-06,2.923
JavaScript,2018-06-10,2.495
JavaScript,2018-07-07,2.831
JavaScript,2018-08-01,2.411
JavaScript,2018-09-03,2.131
JavaScript,2018-10-05,2.28
JavaScript,2018-11-08,2.655
JavaScript,2018-12-02,3.063
JavaScript,2019-01-04,3.302
JavaScript,2019-02-06,2.848
JavaScript,2019-03-02,2.426
JavaScript,2019-04-07,2.507
JavaScript,2019-05-04,2.69
JavaScript,2019-06-09,2.716
JavaScript,2019-07-06,2.304
JavaScript,2019-08-05,2.258
JavaScript,2019-09-09,2.128
JavaScript,2019-10-05,2.076
JavaScript,2019-11-03,1.929
PHP,2001-06-30,1.897
PHP,2001-07-30,1.378
PHP,2001-08-30,1.553
PHP,2001-09-28,1.552
PHP,2001-10-26,1.778
PHP,2001-11-28,4.874
PHP,2001-12-31,7.274
PHP,2002-01-30,8.274
PHP,2002-02-27,7.442
PHP,2002-03-29,7.029
PHP,2002-04-29,5.049
PHP,2002-05-29,5.215
PHP,2002-06-29,5.178
PHP,2002-07-31,6.498
PHP,2002-08-29,5.349
PHP,2002-09-29,4.96
PHP,2002-10-30,5.275
PHP,2002-11-29,7.298
PHP,2002-12-31,7.611
PHP,2003-01-31,4.493
PHP,2003-02-28,4.009
PHP,2003-03-31,4.606
PHP,2003-04-30,4.533
PHP,2003-05-30,4.783
PHP,2003-06-30,3.833
PHP,2003-07-31,4.679
PHP,2003-08-31,5.436
PHP,2003-09-30,5.795
PHP,2003-10-31,3.57
PHP,2003-11-30,5.736
PHP,2003-12-31,6.311
PHP,2004-01-31,7.257
PHP,2004-02-29,7.631
PHP,2004-03-31,9.761
PHP,2004-04-30,7.171
PHP,2004-05-30,8.71
PHP,2004-06-30,10.323
PHP,2004-07-31,10.427
PHP,2004-08-30,8.231
PHP,2004-09-30,7.421
PHP,2004-10-31,7.586
PHP,2004-11-30,11.448
PHP,2004-12-31,9.482
PHP,2005-01-31,10.278
PHP,2005-02-28,9.41
PHP,2005-03-31,8.724
PHP,2005-04-30,9.201
PHP,2005-05-31,7.974
PHP,2005-06-30,9.172
PHP,2005-07-31,7.873
PHP,2005-08-31,8.895
PHP,2005-09-30,9.671
PHP,2005-12-03,9.629
PHP,2006-01-04,9.402
PHP,2006-02-02,8.916
PHP,2006-03-01,9.948
PHP,2006-04-02,10.88
PHP,2006-05-01,10.22
PHP,2006-06-01,9.593
PHP,2006-07-02,10.35
PHP,2006-08-02,9.639
PHP,2006-09-02,9.128
PHP,2006-10-01,9.862
PHP,2006-11-02,9.209
PHP,2006-12-01,8.537
PHP,2007-01-02,7.943
PHP,2007-02-03,8.847
PHP,2007-03-03,9.458
PHP,2007-04-01,8.639
PHP,2007-05-05,8.738
PHP,2007-06-02,8.871
PHP,2007-07-02,8.653
PHP,2007-08-05,9.696
PHP,2007-09-02,10.204
PHP,2007-10-04,9.498
PHP,2007-11-04,8.687
PHP,2007-12-03,8.393
PHP,2008-01-03,9.195
PHP,2008-02-07,9.89
PHP,2008-06-01,10.206
PHP,2008-07-02,9.525
PHP,2008-08-03,9.349
PHP,2008-09-03,9.243
PHP,2008-10-06,8.612
PHP,2008-11-02,8.94
PHP,2008-12-03,9.128
PHP,2009-01-02,8.882
PHP,2009-02-01,8.779
PHP,2009-03-05,9.485
PHP,2009-04-07,9.888
PHP,2009-05-01,9.921
PHP,2009-06-04,9.675
PHP,2009-07-02,9.269
PHP,2009-08-01,9.39
PHP,2009-09-05,10.156
PHP,2009-10-02,10.355
PHP,2009-11-02,10.176
PHP,2009-12-02,9.77
PHP,2010-01-05,10.071
PHP,2010-02-07,10.001
PHP,2010-03-07,9.908
PHP,2010-04-05,9.662
PHP,2010-05-15,9.073
PHP,2010-07-06,8.566
PHP,2010-07-30,9.18
PHP,2010-09-11,8.37
PHP,2010-10-02,8.323
PHP,2010-11-03,7.813
PHP,2010-12-07,7.511
PHP,2011-01-02,7.835
PHP,2011-02-08,6.973
PHP,2011-03-08,6.566
PHP,2011-04-03,6.584
PHP,2011-05-02,6.508
PHP,2011-06-05,6.602
PHP,2011-06-27,6.602
PHP,2011-07-08,6.179
PHP,2011-08-03,6.134
PHP,2011-09-10,6.596
PHP,2011-10-09,6.818
PHP,2011-11-07,6.096
PHP,2011-12-04,6.001
PHP,2012-01-08,5.703
PHP,2012-02-05,5.641
PHP,2012-03-11,5.555
PHP,2012-04-08,5.288
PHP,2012-05-09,5.711
PHP,2012-06-10,5.287
PHP,2012-07-04,5.012
PHP,2012-08-10,5.524
PHP,2012-09-02,5.614
PHP,2012-10-05,5.669
PHP,2012-11-04,5.732
PHP,2012-12-02,5.541
PHP,2013-01-05,5.546
PHP,2013-02-08,5.074
PHP,2013-03-11,4.809
PHP,2013-04-07,5.428
PHP,2013-05-08,5.784
PHP,2013-06-09,5.987
PHP,2013-07-07,7.186
PHP,2013-07-12,7.186
PHP,2013-08-04,6.694
PHP,2013-09-11,6.43
PHP,2013-10-10,6.094
PHP,2013-11-09,5.379
PHP,2013-12-06,5.281
PHP,2014-01-01,4.608
PHP,2014-02-08,4.219
PHP,2014-03-03,3.698
PHP,2014-04-10,2.773
PHP,2014-05-07,3.386
PHP,2014-06-08,2.848
PHP,2014-07-06,2.916
PHP,2014-08-11,2.864
PHP,2014-09-01,3.121
PHP,2014-10-03,2.942
PHP,2014-11-08,3.043
PHP,2014-12-07,2.746
PHP,2015-01-06,3.784
PHP,2015-02-05,3.17
PHP,2015-03-07,3.997
PHP,2015-04-13,3.009
PHP,2015-05-13,2.72
PHP,2015-06-06,2.868
PHP,2015-07-12,2.893
PHP,2015-08-06,2.729
PHP,2015-09-05,2.53
PHP,2015-10-04,2.561
PHP,2015-11-07,3.248
PHP,2015-12-04,2.792
PHP,2016-01-02,2.706
PHP,2016-02-02,2.77
PHP,2016-03-03,2.768
PHP,2016-04-07,2.994
PHP,2016-05-06,2.992
PHP,2016-06-05,3.227
PHP,2016-07-04,3.272
PHP,2016-08-06,3.173
PHP,2016-09-08,2.847
PHP,2016-10-07,2.741
PHP,2016-11-05,3.125
PHP,2016-12-04,2.919
PHP,2017-01-07,2.564
PHP,2017-02-08,3.072
PHP,2017-03-07,3.009
PHP,2017-04-09,3.376
PHP,2017-05-06,2.693
PHP,2017-06-03,2.774
PHP,2017-07-07,3.093
PHP,2017-08-02,2.293
PHP,2017-09-06,2.21
PHP,2017-10-05,2.79
PHP,2017-11-12,1.897
PHP,2017-12-09,1.59
PHP,2018-01-03,2.532
PHP,2018-02-08,3.42
PHP,2018-03-07,4.01
PHP,2018-04-01,4.218
PHP,2018-05-06,3.321
PHP,2018-06-10,2.881
PHP,2018-07-07,2.832
PHP,2018-08-01,2.925
PHP,2018-09-03,2.775
PHP,2018-10-05,2.794
PHP,2018-11-08,2.376
PHP,2018-12-02,2.442
PHP,2019-01-04,2.68
PHP,2019-02-06,2.271
PHP,2019-03-02,2.42
PHP,2019-04-07,2.239
PHP,2019-05-04,2.489
PHP,2019-06-09,2.567
PHP,2019-07-06,2.167
PHP,2019-08-05,2.075
PHP,2019-09-09,1.863
PHP,2019-10-05,1.909
PHP,2019-11-03,1.72
SQL,2001-06-30,2.956
SQL,2001-07-30,2.766
SQL,2001-08-30,2.383
SQL,2001-09-28,2.361
SQL,2001-10-26,2.242
SQL,2001-11-28,1.84
SQL,2001-12-31,1.87
SQL,2002-01-30,1.943
SQL,2002-02-27,2.09
SQL,2002-03-29,2.062
SQL,2002-04-29,2.333
SQL,2002-05-29,2.359
SQL,2002-06-29,2.527
SQL,2002-07-31,2.66
SQL,2002-08-29,2.654
SQL,2002-09-29,2.544
SQL,2002-10-30,2.638
SQL,2002-11-29,2.38
SQL,2002-12-31,2.519
SQL,2003-01-31,2.559
SQL,2003-02-28,2.505
SQL,2003-03-31,2.562
SQL,2003-04-30,2.649
SQL,2003-05-30,3.119
SQL,2003-06-30,3.04
SQL,2003-07-31,2.994
SQL,2003-08-31,3.244
SQL,2003-09-30,3.718
SQL,2003-10-31,3.697
SQL,2003-11-30,2.926
SQL,2003-12-31,3.095
SQL,2004-01-31,3.513
SQL,2004-02-29,3.098
SQL,2004-03-31,2.968
SQL,2004-04-30,2.443
SQL,2018-02-08,2.356
SQL,2018-03-07,2.686
SQL,2018-04-01,2.65
SQL,2018-05-06,1.987
SQL,2018-06-10,2.339
SQL,2018-07-07,2.334
SQL,2018-08-01,2.316
SQL,2018-09-03,2.062
SQL,2018-10-05,2.038
SQL,2018-11-08,1.844
SQL,2018-12-02,2.184
SQL,2019-01-04,2.277
SQL,2019-02-06,1.9
SQL,2019-03-02,1.926
SQL,2019-04-07,2.272
SQL,2019-05-04,2.555
SQL,2019-06-09,2.224
SQL,2019-07-06,1.977
SQL,2019-08-05,1.625
SQL,2019-09-09,1.944
SQL,2019-10-05,1.935
SQL,2019-11-03,1.69
Swift,2014-07-06,1.054
Swift,2014-08-11,0.668
Swift,2014-09-01,0.852
Swift,2014-10-03,0.761
Swift,2014-11-08,0.834
Swift,2014-12-07,1.065
Swift,2015-01-06,0.747
Swift,2015-02-05,0.723
Swift,2015-03-07,0.816
Swift,2015-04-13,0.882
Swift,2015-05-13,1.115
Swift,2015-06-06,1.44
Swift,2015-07-12,1.234
Swift,2015-08-06,1.179
Swift,2015-09-05,1.188
Swift,2015-10-04,1.277
Swift,2015-11-07,1.236
Swift,2015-12-04,1.405
Swift,2016-01-02,1.363
Swift,2016-02-02,1.375
Swift,2016-03-03,1.587
Swift,2016-04-07,1.478
Swift,2016-05-06,1.593
Swift,2016-06-05,1.831
Swift,2016-07-04,1.96
Swift,2016-08-06,1.983
Swift,2016-09-08,1.93
Swift,2016-10-07,2.004
Swift,2016-11-05,2.039
Swift,2016-12-04,2.134
Swift,2017-01-07,1.932
Swift,2017-02-08,2.125
Swift,2017-03-07,2.268
Swift,2017-04-09,2.287
Swift,2017-05-06,2.274
Swift,2017-06-03,2.209
Swift,2017-07-07,2.253
Swift,2017-08-02,1.825
Swift,2017-09-06,1.765
Swift,2017-10-05,1.668
Swift,2017-11-12,1.389
Swift,2017-12-09,1.566
Swift,2018-01-03,2.377
Swift,2018-02-08,1.794
Swift,2018-03-07,2.143
Swift,2018-04-01,1.534
Swift,2018-05-06,0.907
Swift,2018-06-10,1.145
Swift,2018-07-07,1.412
Swift,2018-08-01,1.384
Swift,2018-09-03,1.223
Swift,2018-10-05,1.5
Swift,2018-11-08,1.455
Swift,2018-12-02,1.22
Swift,2019-01-04,1.187
Swift,2019-02-06,0.918
Swift,2019-03-02,1.158
Swift,2019-04-07,0.978
Swift,2019-05-04,1.15
Swift,2019-06-09,1.419
Swift,2019-07-06,1.121
Swift,2019-08-05,0.89
Swift,2019-09-09,1.1
Swift,2019-10-05,1.362
Swift,2019-11-03,1.653
